{
    "name": "Raywing",
    "vendorId": "0x4858",
    "productId": "0x3033",
    "matrix": {
        "rows": 8,
        "cols": 6
    },
    "menus": [ "qmk_rgb_matrix" ],
    "keycodes": [ "qmk_lighting" ],
    "layouts": {
        "keymap": [
          [
            {
              "y": 1,
              "x": 3
            },
            "0,3",
            {
              "x": 8
            },
            "4,3"
          ],
          [
            {
              "y": -0.8300000000000001,
              "x": 2
            },
            "0,2",
            {
              "x": 10
            },
            "4,2"
          ],
          [
            {
              "y": -0.8399999999999999,
              "x": 4
            },
            "0,4",
            {
              "x": 6
            },
            "4,4"
          ],
          [
            {
              "y": -0.8300000000000001,
              "x": 5
            },
            "0,5",
            {
              "x": 4
            },
            "4,5"
          ],
          [
            {
              "y": -0.6699999999999999,
              "x": 1
            },
            "0,1",
            {
              "x": 12
            },
            "4,1"
          ],
          [
            {
              "y": -0.8300000000000001,
              "c": "#777777"
            },
            "0,0",
            {
              "x": 2,
              "c": "#cccccc"
            },
            "1,3",
            {
              "x": 8
            },
            "5,3",
            {
              "x": 2,
              "c": "#aaaaaa"
            },
            "4,0"
          ],
          [
            {
              "y": -0.8300000000000001,
              "x": 2,
              "c": "#cccccc"
            },
            "1,2",
            {
              "x": 10
            },
            "5,2"
          ],
          [
            {
              "y": -0.8399999999999999,
              "x": 4
            },
            "1,4",
            {
              "x": 6
            },
            "5,4"
          ],
          [
            {
              "y": -0.8300000000000001,
              "x": 5
            },
            "1,5",
            {
              "x": 4
            },
            "5,5"
          ],
          [
            {
              "y": -0.6699999999999999,
              "x": 1
            },
            "1,1",
            {
              "x": 12
            },
            "5,1"
          ],
          [
            {
              "y": -0.8300000000000001,
              "c": "#aaaaaa"
            },
            "1,0",
            {
              "x": 2,
              "c": "#cccccc"
            },
            "2,3",
            {
              "x": 8
            },
            "6,3",
            {
              "x": 2,
              "c": "#aaaaaa"
            },
            "5,0"
          ],
          [
            {
              "y": -0.8300000000000001,
              "x": 2,
              "c": "#cccccc"
            },
            "2,2",
            {
              "x": 10
            },
            "6,2"
          ],
          [
            {
              "y": -0.8399999999999999,
              "x": 4
            },
            "2,4",
            {
              "x": 6
            },
            "6,4"
          ],
          [
            {
              "y": -0.8300000000000001,
              "x": 5
            },
            "2,5",
            {
              "x": 4
            },
            "6,5"
          ],
          [
            {
              "y": -0.6699999999999999,
              "x": 1
            },
            "2,1",
            {
              "x": 12
            },
            "6,1"
          ],
          [
            {
              "y": -0.8300000000000001,
              "c": "#aaaaaa"
            },
            "2,0",
            {
              "x": 14
            },
            "6,0"
          ],
          [
            {
              "y": -0.5,
              "x": 3.67,
              "c": "#777777"
            },
            "3,2\n\n\n\n\n\n\n\n\ne0",
            {
              "x": 5.66,
              "c": "#aaaaaa"
            },
            "7,3",
            {
              "c": "#777777"
            },
            "7,2\n\n\n\n\n\n\n\n\ne1"
          ],
          [
            {
              "rx": 4.75,
              "ry": 4.5,
              "x": -0.08999999999999986,
              "c": "#aaaaaa"
            },
            "3,3"
          ],
          [
            {
              "rx": 5.6666666667,
              "ry": 5.9125,
              "y": -1.4124999999999996,
              "x": 1.0033333332999996,
              "c": "#cccccc"
            },
            "3,5"
          ],
          [
            {
              "rx": 5.75,
              "y": -1.4124999999999996,
              "x": -0.08000000000000007
            },
            "3,4"
          ],
          [
            {
              "rx": 10.3333333333,
              "y": -1.4124999999999996,
              "x": -2.0033333333000005
            },
            "7,5",
            "7,4"
          ]
        ]
    }
}