{
    "name": "Splinar",
    "vendorId": "0x4858",
    "productId": "0x3031",
    "matrix": {
        "rows": 8,
        "cols": 7
    },
    "layouts": {
        "keymap": [
          [
            {
              "x": 3
            },
            "0,3",
            {
              "x": 8
            },
            "4,3"
          ],
          [
            {
              "y": -0.8333333333,
              "x": 2
            },
            "0,2"
          ],
          [
            {
              "y": -0.9999999999999999,
              "x": 13
            },
            "4,2"
          ],
          [
            {
              "y": -0.6666666666999999,
              "x": 4
            },
            "0,4",
            {
              "x": 6
            },
            "4,4"
          ],
          [
            {
              "y": -0.6666666667,
              "x": 1
            },
            "0,1",
            {
              "x": 12
            },
            "4,1"
          ],
          [
            {
              "y": -0.8333333333000001,
              "c": "#777777"
            },
            "0,0",
            {
              "x": 2,
              "c": "#cccccc"
            },
            "1,3",
            {
              "x": 1
            },
            "0,5",
            {
              "x": 4
            },
            "4,5",
            {
              "x": 1
            },
            "5,3",
            {
              "x": 2,
              "c": "#aaaaaa"
            },
            "4,0"
          ],
          [
            {
              "y": -0.8333333332999999,
              "x": 2,
              "c": "#cccccc"
            },
            "1,2",
            {
              "x": 10
            },
            "5,2"
          ],
          [
            {
              "y": -0.6666666667000003,
              "x": 4
            },
            "1,4",
            {
              "x": 6
            },
            "5,4"
          ],
          [
            {
              "y": -0.6666666667000001,
              "x": 1
            },
            "1,1",
            {
              "x": 12
            },
            "5,1"
          ],
          [
            {
              "y": -0.8333333332999997,
              "c": "#aaaaaa"
            },
            "1,0",
            {
              "x": 2,
              "c": "#cccccc"
            },
            "2,3",
            {
              "x": 1
            },
            "1,5",
            {
              "x": 4
            },
            "5,5",
            {
              "x": 1
            },
            "6,3",
            {
              "x": 2,
              "c": "#aaaaaa"
            },
            "5,0"
          ],
          [
            {
              "y": -0.8333333333000001,
              "x": 2,
              "c": "#cccccc"
            },
            "2,2",
            {
              "x": 10
            },
            "6,2"
          ],
          [
            {
              "y": -0.6666666666999999,
              "x": 4
            },
            "2,4",
            {
              "x": 6
            },
            "6,4"
          ],
          [
            {
              "y": -0.6666666666999999,
              "x": 1
            },
            "2,1",
            {
              "x": 12
            },
            "6,1"
          ],
          [
            {
              "y": -0.8333333333000001,
              "c": "#aaaaaa"
            },
            "2,0",
            {
              "x": 2,
              "c": "#cccccc"
            },
            "3,3",
            {
              "x": 1
            },
            "2,5",
            {
              "x": 4
            },
            "6,5",
            {
              "x": 1
            },
            "7,3",
            {
              "x": 2,
              "c": "#aaaaaa"
            },
            "6,0"
          ],
          [
            {
              "y": -0.8333333333000001,
              "x": 2,
              "c": "#cccccc"
            },
            "3,2",
            {
              "x": 10
            },
            "7,2"
          ],
          [
            {
              "y": -0.6666666666999994,
              "x": 4
            },
            "3,4",
            {
              "x": 6
            },
            "7,4"
          ],
          [
            {
              "y": -0.6666666666999999,
              "x": 1
            },
            "3,1",
            {
              "x": 12
            },
            "7,1"
          ],
          [
            {
              "y": -0.8333333333000006,
              "c": "#aaaaaa"
            },
            "3,0",
            {
              "x": 4,
              "c": "#cccccc"
            },
            "3,5",
            {
              "x": 4
            },
            "7,5",
            {
              "x": 4,
              "c": "#aaaaaa"
            },
            "7,0"
          ],
          [
            {
              "y": -0.1666666667000003,
              "x": 3.6666666667,
              "c": "#777777"
            },
            "0,6",
            {
              "x": 6.666666666600001
            },
            "4,6"
          ],
          [
            {
              "y": -0.5,
              "x": 4.6666666667,
              "c": "#aaaaaa"
            },
            "1,6",
            {
              "x": 4.6666666666
            },
            "5,6"
          ],
          [
            {
              "r": 40,
              "rx": 5.6666666667,
              "ry": 5.9125,
              "y": -1.0791666667,
              "c": "#cccccc"
            },
            "2,6"
          ],
          [
            {
              "y": -0.8333333332999997,
              "x": 1
            },
            "3,6"
          ],
          [
            {
              "r": -40,
              "rx": 10.3333333333,
              "y": -1.0791666667,
              "x": -1
            },
            "6,6"
          ],
          [
            {
              "y": -0.8333333332999997,
              "x": -2
            },
            "7,6"
          ]
        ]
    }
}